Effect,Estimate,p_value,_95__CI_lower,_95__CI_upper
cde=nde,0.648015432,0.2297871714,0.3192081092,1.3155179585
nie,1.0306291887,0.3111248619,0.9721825803,1.0925895466
total effect,0.667863619,0.2620499795,0.3298510546,1.3522521976
